State,District,Latitude,Longitude,District code,Households_with_Internet,Households_with_Computer,Hindus,Population,Rural_Households,Urban_Households,Married_couples_None_Households,sex_ratio,literacy_rate
Andhra Pradesh,Adilabad,19.284513950073435,78.81321233480176,532,5512,45202,2399901,2741239,597466,220248,82830,100.0,54.0
Andhra Pradesh,Anantapur,14.312065561843148,77.4601584478577,553,8606,48299,3599372,4081148,902997,341431,109372,98.0,57.0
Andhra Pradesh,Chittoor,13.33109263067696,78.92763898886037,554,13763,67087,3737588,4174064,907970,395900,147264,100.0,64.0
Andhra Pradesh,East Godavari,16.782718320784902,82.2432074720511,545,22411,93784,4983330,5154296,1199479,406362,228618,101.0,64.0
Andhra Pradesh,Guntur,15.884925767634847,80.58657614107885,548,19383,80434,4217597,4887813,1069877,513113,185688,100.0,61.0
Andhra Pradesh,Hyderabad,17.38971555555556,78.46668888888888,536,149034,274653,2046051,3943323,0,1066289,94747,95.0,73.0
Andhra Pradesh,Karimnagar,18.515483193277312,79.43765428571413,534,8831,46584,3491139,3776269,877236,288044,133465,101.0,58.0
Andhra Pradesh,Khammam,17.683921325051784,80.67008643892335,541,8628,42171,2595321,2797370,669262,201363,112134,101.0,58.0
Andhra Pradesh,Krishna,16.143872753151673,81.14805061000413,547,30438,101450,4023678,4517398,909292,567042,183554,99.0,67.0
Andhra Pradesh,Kurnool,15.43759715142429,77.90086836581717,552,10081,56478,3328380,4053463,783853,306982,92650,99.0,52.0
Andhra Pradesh,Mahbubnagar,16.639546224256293,77.98933089244859,538,6153,60812,3673456,4053028,848963,161052,100900,98.0,48.0
Andhra Pradesh,Medak,17.889304978038055,78.13778901903379,535,8635,47170,2637313,3033288,593653,195479,74445,99.0,54.0
Andhra Pradesh,Nalgonda,17.113250515463907,79.16984453608244,539,7715,53777,3249231,3488809,833504,197433,120943,98.0,57.0
Andhra Pradesh,Nizamabad,18.429485849056604,78.07523490566035,533,5261,35036,2123426,2551335,565165,155133,80591,104.0,54.0
Andhra Pradesh,Prakasam,15.489039001601704,80.11665790176184,549,6151,43611,3150195,3397448,873486,214089,113321,98.0,56.0
Andhra Pradesh,Srikakulam,18.570900998697432,84.25874814010675,542,3988,32280,2666950,2703114,752752,149684,107495,101.0,55.0
Andhra Pradesh,Vizianagaram,18.28329696032972,83.45982854198873,543,4453,24128,2299129,2344474,592458,157056,84176,102.0,53.0
Andhra Pradesh,Warangal,18.01752608695651,79.87422028985509,540,12952,59006,3273755,3512576,758738,288249,112611,100.0,59.0
Andhra Pradesh,West Godavari,16.63297943925236,81.45912990654196,546,12050,55613,3733191,3936966,1007255,248373,167867,100.0,67.0
Arunachal Pradesh,Changlang,27.36048479338845,96.37552644628106,253,170,1486,47683,148226,33422,6498,3807,93.0,49.0
Arunachal Pradesh,East Kameng,27.371194055944056,93.04741486013997,247,57,885,12333,78690,14503,5215,1582,103.0,49.0
Arunachal Pradesh,East Siang,28.15382352941176,95.06499226006191,251,450,1582,27854,99214,19497,9524,2989,98.0,63.0
Arunachal Pradesh,Kurung Kumey,28.04853351800553,93.24531994459834,256,95,969,4859,92076,18603,1092,1410,103.0,40.0
Arunachal Pradesh,Lohit,27.946785273972623,96.59670770547945,259,312,1471,99020,145726,33599,11372,4391,91.0,57.0
Arunachal Pradesh,Lower Dibang Valley,28.32651730103806,95.76567335640142,258,207,742,28915,54080,12000,3950,2130,93.0,59.0
Arunachal Pradesh,Lower Subansiri,27.70849297297297,93.96226108108112,255,381,1598,9551,83030,18112,5365,2614,98.0,65.0
Arunachal Pradesh,Papum Pare,27.273529716981127,93.54468183962264,248,2477,7418,57027,176573,20308,30180,5667,98.0,69.0
Arunachal Pradesh,Tawang,27.680683962264148,91.82504245283016,245,96,494,11842,49977,10730,2452,2894,71.0,52.0
Arunachal Pradesh,Tirap,26.94406229508198,95.41470327868862,254,98,888,20682,111975,18420,6500,2724,94.0,43.0
Arunachal Pradesh,Upper Siang,28.8309244897959,95.00155765306124,252,97,392,5261,35320,8569,2182,1603,89.0,52.0
Arunachal Pradesh,Upper Subansiri,28.277196566523585,93.8991435622318,249,139,750,13474,83448,14542,4672,2011,100.0,54.0
Arunachal Pradesh,West Kameng,27.46486582278483,92.65015750452083,246,202,887,31265,83947,17889,6306,3770,82.0,58.0
Arunachal Pradesh,West Siang,28.106296920289843,94.53510344202908,250,303,1300,15881,112274,22272,8503,2987,93.0,58.0
Assam,Barpeta,26.427872264631056,90.97912010178116,303,2078,25286,492966,1693622,447189,52192,31369,95.0,53.0
Assam,Bongaigaon,26.45012521994133,90.6734296187684,319,2523,12959,359145,738804,181923,38470,20913,97.0,59.0
Assam,Cachar,24.815570668693017,92.86849650455927,316,5316,37541,1038985,1736617,346227,88933,61576,96.0,68.0
Assam,Darrang,26.58463215962442,92.04141338028155,325,1166,12084,327322,928500,268517,20189,22228,95.0,52.0
Assam,Dhemaji,27.586533438485816,94.71336908517353,308,1192,10410,655052,686133,211758,16504,10523,95.0,62.0
Assam,Dibrugarh,27.30612284482757,95.0998282327587,310,8817,34479,1198401,1326335,299852,77163,32423,96.0,67.0
Assam,Goalpara,26.017277777777807,90.59869891598912,302,1364,13524,347878,1008183,228610,39504,21357,96.0,56.0
Assam,Golaghat,26.377219709794485,93.82583397823468,313,3073,17636,917426,1066888,292893,34190,26340,96.0,68.0
Assam,Hailakandi,24.457496089385486,92.59154664804475,318,1211,10615,251194,659296,159215,16202,29399,95.0,62.0
Assam,Jorhat,26.76244824016563,94.30197722567289,312,5651,26357,1008219,1092256,286330,80824,28360,96.0,73.0
Assam,Kamrup,26.170939452054807,91.58863273972592,321,3109,23468,877495,1517542,390596,43849,36379,95.0,66.0
Assam,Karbi Anglong,26.08966454598031,93.11536570271832,314,1923,11340,766000,956313,215691,37185,22153,95.0,58.0
Assam,Karimganj,24.69660712250711,92.3679498575498,317,1933,24699,521962,1228686,261945,32695,42587,96.0,65.0
Assam,Kokrajhar,26.497246635730868,90.13997470997688,300,1218,14063,529068,887142,204896,17115,20301,96.0,55.0
Assam,Lakhimpur,27.14128805970149,94.0775949253732,307,1948,15011,797130,1042137,293239,34694,18683,97.0,66.0
Assam,Nagaon,26.26462170626351,92.9306191144708,305,5121,45956,1225246,2823768,674999,124186,64817,96.0,61.0
Assam,Nalbari,26.46323767605632,91.40598521126763,323,1631,12360,491582,771639,210706,28238,17381,95.0,69.0
Assam,Sonitpur,26.73514926829268,92.85197804878044,306,4358,31254,1422824,1924110,483325,64528,46075,96.0,58.0
Assam,Tinsukia,27.53549291139241,95.69055949367085,309,5135,27948,1181347,1327929,290704,90910,36330,95.0,60.0
Bihar,Araria,26.211528119180603,87.30766554934816,209,2561,29796,1593525,2811569,659061,44213,46453,92.0,43.0
Bihar,Aurangabad,24.774291867469877,84.45986024096379,235,2362,31168,2291133,2540073,428291,49006,27729,93.0,58.0
Bihar,Aurangabad,24.774291867469877,84.45986024096379,515,23258,69937,2545438,3701282,551789,427343,70397,92.0,68.0
Bihar,Banka,24.832355642023337,86.8664916342413,225,1704,22300,1772655,2034763,425604,18492,25148,91.0,47.0
Bihar,Begusarai,25.54302613168723,86.12560144032932,222,4644,43127,2554330,2970541,594377,139248,46964,89.0,52.0
Bihar,Bhagalpur,25.277192885375477,87.04213814229242,224,6764,46929,2487866,3037766,522527,130634,41388,88.0,52.0
Bihar,Bhojpur,25.50666439393939,84.49407803030304,231,3661,34658,2518216,2728407,434559,77368,34932,91.0,59.0
Bihar,Buxar,25.48593018867924,84.08808081760995,232,1784,19324,1591454,1706352,299252,35405,20387,92.0,58.0
Bihar,Darbhanga,26.146187719298258,85.97387352472099,215,6280,53205,3042729,3937385,907174,95539,73321,91.0,46.0
Bihar,Gaya,24.7266541547278,84.94291217765044,236,6856,57011,3876395,4391418,696289,111282,44524,94.0,52.0
Bihar,Gopalganj,26.44874364161851,84.34636127167629,217,3707,33596,2119262,2562012,515925,38133,36327,102.0,54.0
Bihar,Jamui,24.78418380462726,86.26316298200514,238,1839,22414,1525746,1760405,325909,30851,24644,92.0,49.0
Bihar,Jehanabad,25.155679045643165,84.9208124481328,239,1106,11302,1045117,1125313,186660,28132,12597,92.0,55.0
Bihar,Katihar,25.56565356037151,87.70466083591326,212,2941,27263,1684589,3071029,668232,69838,59999,92.0,42.0
Bihar,Khagaria,25.53558891454964,86.56593256351037,223,1580,21654,1486989,1666886,373696,21007,21998,89.0,46.0
Bihar,Kishanganj,26.324336758321294,87.95045007235886,210,1093,14073,531236,1690400,401793,43357,39845,95.0,44.0
Bihar,Lakhisarai,25.183449321266963,86.12825701357468,227,1186,8862,956396,1000912,175882,31763,18133,90.0,51.0
Bihar,Madhepura,25.77341929460581,86.8978443983403,213,1397,23309,1753829,2001762,486278,24000,26324,91.0,42.0
Bihar,Madhubani,26.41380538172716,86.16328360450552,207,5319,65548,3652168,4487379,1047552,41234,74516,93.0,48.0
Bihar,Munger,25.198537962962963,86.54173672839504,226,2653,17946,1252319,1367765,222281,85782,21424,88.0,59.0
Bihar,Muzaffarpur,26.18664417177915,85.32745092024543,216,10290,73012,4032773,4801062,998694,120700,86953,90.0,52.0
Bihar,Nalanda,25.229345508982053,85.48053113772461,229,4156,43848,2669775,2877653,514141,102522,43233,92.0,53.0
Bihar,Nawada,24.825708836206903,85.61594568965519,237,1841,28411,1964620,2219146,379551,45323,23578,94.0,49.0
Bihar,Pashchim Champaran,27.16064352201258,84.30265911949685,203,3495,41143,3047427,3935042,839514,96620,55494,91.0,45.0
Bihar,Patna,25.40297114503818,85.3198433587787,230,40692,132582,5356075,5838465,657991,552103,77267,90.0,59.0
Bihar,Purba Champaran,26.68129336734693,85.00382155612242,204,7719,70258,4086453,5099371,1142260,101565,73159,90.0,45.0
Bihar,Purnia,25.81714801901739,87.40447606973065,211,4170,33664,1989420,3264619,712847,85749,59786,92.0,41.0
Bihar,Rohtas,24.99170460829495,83.9350762672811,234,4594,36279,2645415,2959918,512383,95678,33837,92.0,61.0
Bihar,Saharsa,25.821270696721303,86.54670819672135,214,1668,19415,1629254,1900661,432651,38046,23047,91.0,42.0
Bihar,Samastipur,25.793205563909765,85.94833323308269,221,5379,50918,3800598,4261566,1012979,43486,62517,91.0,50.0
Bihar,Saran,25.89656077844312,84.82266287425155,219,4509,37442,3534772,3951862,701323,76299,54359,95.0,55.0
Bihar,Sheikhpura,25.12472436548223,85.77839390862943,228,631,8873,596102,636342,108293,24345,8850,93.0,52.0
Bihar,Sheohar,26.458380748663107,85.29539411764709,205,478,6698,552492,656246,158484,7516,14705,89.0,43.0
Bihar,Sitamarhi,26.56570069686413,85.61172491289203,206,3460,42461,2672311,3423574,807294,49670,61687,90.0,42.0
Bihar,Siwan,26.1736372013652,84.33766552901022,218,3834,37833,2712635,3330464,632514,41858,45113,99.0,58.0
Bihar,Supaul,26.28157893772896,86.78496465201461,208,1845,25078,1809936,2229076,572287,27815,28560,93.0,46.0
Bihar,Vaishali,25.8134703180212,85.39247597173153,220,4810,39564,3152346,3495021,699317,51494,43282,89.0,55.0
Chandigarh,Chandigarh,30.7426,76.75872465753424,55,44283,78113,852574,1055450,8911,289456,42854,82.0,76.0
Chhattisgarh,Bastar,19.393866751269048,81.52895126903546,414,1782,9042,1277975,1413199,316425,54894,45497,102.0,46.0
Chhattisgarh,Bilaspur,22.356942982456143,81.99770350877188,30,1574,6281,371973,381956,152458,11987,10379,98.0,75.0
Chhattisgarh,Bilaspur,22.356942982456143,81.99770350877188,406,8566,30892,2540763,2663629,549632,188174,80579,97.0,60.0
Chhattisgarh,Dhamtari,20.554912627291245,81.7569195519348,412,1016,4804,777188,799781,168689,41792,23029,101.0,68.0
Chhattisgarh,Durg,21.194463849287164,81.33181639511197,409,16141,51289,3129745,3343872,533448,349741,79509,99.0,69.0
Chhattisgarh,Jashpur,22.77286167664669,83.8703962075848,402,567,5755,629509,851669,205670,20722,23065,101.0,58.0
Chhattisgarh,Korba,22.491712499999995,82.57604326923074,404,4544,18004,1133176,1206640,206598,126055,37417,97.0,62.0
Chhattisgarh,Koriya,23.50412776859501,82.12515636363635,400,1667,7609,604259,658917,121852,59763,22030,97.0,60.0
Chhattisgarh,Mahasamund,21.223727037773354,82.65925427435384,411,961,5614,1008061,1032754,274793,35774,32927,102.0,62.0
Chhattisgarh,Raigarh,22.008265068493166,83.27797698630134,403,3342,13857,1422986,1493984,354278,66638,50440,99.0,64.0
Chhattisgarh,Raigarh,22.008265068493166,83.27797698630134,520,38570,96301,2239370,2634200,581868,377160,94172,96.0,74.0
Chhattisgarh,Raipur,20.88603153846152,82.20032759615388,410,20261,59523,3881485,4063872,673499,395001,100264,98.0,65.0
Chhattisgarh,Surguja,23.32719278728607,83.23582493887531,401,2737,18983,2126195,2359886,525596,65167,56755,98.0,50.0
Daman and Diu,Daman,20.431616666666677,72.8392366071429,495,1316,4543,171537,191173,10006,61073,20475,53.0,79.0
Daman and Diu,Junagadh,20.72568199498111,70.83985639899612,479,6628,26991,2397056,2743082,489237,287506,48541,95.0,67.0
Goa,North Goa,15.548723418714054,73.80667997909038,585,23440,56266,622213,818008,115859,209230,33432,96.0,81.0
Goa,South Goa,15.195278658183785,73.941792596877,586,17624,44299,341664,640537,88620,162873,29104,99.0,78.0
Gujarat,Ahmadabad,22.605425564971743,72.23898135593227,474,126341,273651,6042416,7214225,353169,1845383,153824,90.0,75.0
Gujarat,Amreli,21.04832649310872,71.43457637825426,480,2538,12765,1410463,1514190,313714,116899,25861,96.0,66.0
Gujarat,Anand,22.282718206229863,72.57782051557454,482,9902,32523,1798794,2092745,413078,208909,52524,92.0,74.0
Gujarat,Banas Kantha,24.258538965517253,71.93205252873561,469,3424,23149,2890305,3120506,666773,137424,42887,94.0,55.0
Gujarat,Bharuch,21.75787276237761,72.67326346710801,488,10257,29531,1188204,1551019,300677,181319,46331,93.0,72.0
Gujarat,Bhavnagar,21.70219390341736,72.16272632761141,481,7297,28925,2632574,2880365,387251,356826,50468,93.0,66.0
Gujarat,Gandhinagar,23.193679790026252,72.67221679790026,473,12107,33662,1319586,1391753,237624,195634,31219,92.0,74.0
Gujarat,Jamnagar,22.410600414263328,69.62062005768233,477,11573,30384,1810443,2160119,347158,299167,41462,94.0,65.0
Gujarat,Junagadh,20.929523011609785,70.54733890140345,479,6628,26991,2397056,2743082,489237,287506,48541,95.0,67.0
Gujarat,Kachchh,23.48057203301311,68.82192301497916,468,9631,31961,1608921,2092371,488293,250982,67208,91.0,60.0
Gujarat,Kheda,22.88765312500002,73.018803515625,483,5710,24502,2000884,2299885,461479,160547,52607,94.0,72.0
Gujarat,Mahesana,23.529355452865065,72.45545194085031,471,7759,33731,1885732,2035064,476005,183738,47902,93.0,74.0
Gujarat,Narmada,21.70666386292833,73.68403208722742,487,576,4081,559848,590297,138121,22248,13207,96.0,63.0
Gujarat,Navsari,20.866973318871995,72.86184869848157,490,6726,24397,1225087,1329672,267739,141417,40551,96.0,75.0
Gujarat,Panch Mahals,22.80435606837605,73.61984598290586,484,3456,19753,2220974,2390776,463363,104238,46248,95.0,60.0
Gujarat,Patan,23.80634198473284,71.75162977099237,470,2231,12870,1194745,1343734,301483,102655,28893,94.0,62.0
Gujarat,Porbandar,21.55092351651571,69.71896987722886,478,1653,5639,549749,585449,96015,87557,14672,95.0,67.0
Gujarat,Rajkot,22.40603377715488,70.83679439383323,476,21785,67370,3397406,3804558,459474,721532,73551,93.0,72.0
Gujarat,Sabar Kantha,23.71803594548552,73.13638790459964,472,5262,25425,2260560,2428589,544024,121509,47395,95.0,65.0
Gujarat,Surat,21.25761372772093,72.93488716344339,492,55694,149331,5260193,6081322,369840,1529998,216710,79.0,75.0
Gujarat,Surendranagar,22.82672007299272,71.48358740875906,475,2975,15309,1620282,1756268,340788,159810,31802,93.0,62.0
Gujarat,The Dangs,20.801633877551023,73.6883518367347,489,137,1393,203545,228291,52102,7516,3585,101.0,62.0
Gujarat,Vadodara,22.26133739279589,73.49433010291594,486,53606,117818,3713941,4165626,547454,692971,98592,93.0,69.0
Gujarat,Valsad,20.44238231644259,72.9148584798345,491,11020,31285,1571147,1705678,262410,235981,48960,92.0,69.0
Haryana,Ambala,30.3503672316384,76.94970310734456,70,12899,32767,955096,1128350,175365,139891,19110,88.0,72.0
Haryana,Bhiwani,28.728868064516128,76.02110225806452,81,5292,25236,1611031,1634445,357047,99235,30740,89.0,65.0
Haryana,Faridabad,28.14873109756098,77.32718536585368,88,43437,82673,1588407,1809733,87700,382981,36470,87.0,70.0
Haryana,Fatehabad,29.57298318584072,75.54608716814157,78,3210,13142,779243,942011,203020,55360,14987,90.0,59.0
Haryana,Gurgaon,28.043894789579163,77.01935130260523,86,67087,102343,1408801,1514432,141703,381988,46021,85.0,73.0
Haryana,Hisar,29.23628731117825,75.84324682779452,80,10132,33400,1701061,1743931,302013,154113,30379,87.0,64.0
Haryana,Jhajjar,28.59651868131869,76.61137142857145,83,5034,19241,945693,958405,211816,78328,21450,86.0,71.0
Haryana,Jind,29.45149821958457,76.29598575667653,77,5263,23750,1276669,1334152,278335,89665,27130,87.0,62.0
Haryana,Kaithal,29.96068539094649,76.37698930041155,73,3724,15301,974520,1074304,231091,75696,21134,88.0,60.0
Haryana,Karnal,29.703200647249204,76.87488025889972,74,11163,29253,1341002,1505324,292682,135920,26197,89.0,65.0
Haryana,Kurukshetra,30.05652659846548,76.78774680306903,72,7356,21951,805175,964655,203553,88268,19412,89.0,67.0
Haryana,Mahendragarh,28.1352161458333,76.14018072916659,84,2624,13908,913251,922088,223726,44216,15579,89.0,68.0
Haryana,Panchkula,30.700897142857134,76.97173238095236,69,18615,32174,490702,561293,70895,93656,11923,87.0,72.0
Haryana,Panipat,29.34352134146342,76.92895914634147,75,10024,26719,1083936,1205437,173502,153804,19784,86.0,65.0
Haryana,Rewari,28.19164714828897,76.55956007604564,85,5121,18092,889133,900332,199449,69305,16378,90.0,71.0
Haryana,Rohtak,28.892517647058817,76.53123235294117,82,8482,27225,1043887,1061204,175203,131739,20753,87.0,70.0
Haryana,Sirsa,29.63583446327684,74.90970480225988,79,6287,22706,940255,1295189,245476,93316,19922,90.0,60.0
Himachal Pradesh,Bilaspur,31.3780422907489,76.65316079295157,30,1574,6281,371973,381956,152458,11987,10379,98.0,75.0
Himachal Pradesh,Bilaspur,31.3780422907489,76.65316079295157,406,8566,30892,2540763,2663629,549632,188174,80579,97.0,60.0
Himachal Pradesh,Chamba,32.66741814595661,76.39354063116366,23,1615,5117,479782,519080,186395,13836,14306,99.0,62.0
Himachal Pradesh,Hamirpur,31.67668481012659,76.49767088607594,28,2521,7525,449412,454768,196116,15232,20594,110.0,79.0
Himachal Pradesh,Hamirpur,31.67668481012659,76.49767088607594,168,1196,11037,1010014,1104285,256081,55300,20040,86.0,59.0
Himachal Pradesh,Kangra,32.14093603238864,76.41205910931173,24,8053,22753,1461140,1510075,588321,39007,53296,101.0,76.0
Himachal Pradesh,Kinnaur,31.60667184065933,78.51613736263741,34,354,2563,64732,84121,44514,0,6442,82.0,72.0
Himachal Pradesh,Kullu,31.90911922077925,77.40922649350647,26,2623,7010,415669,437903,167995,20709,15223,94.0,70.0
Himachal Pradesh,Mandi,31.635805940594054,76.96556930693067,27,5333,16401,981412,999777,431129,31696,29336,101.0,72.0
Himachal Pradesh,Shimla,31.155725451807253,77.62573042168668,33,9177,24127,791449,814010,279269,95896,34174,92.0,75.0
Himachal Pradesh,Sirmaur,30.682764453961443,77.43184689507493,32,2220,8593,476830,529855,171102,21054,11878,92.0,68.0
Himachal Pradesh,Solan,31.03864311926604,76.94442140672783,31,5250,14478,548579,580320,192787,51509,23422,88.0,74.0
Himachal Pradesh,Una,31.58330388349513,76.18353932038836,29,2412,8238,480138,521173,185091,20126,15651,98.0,77.0
Jammu and Kashmir,Doda,33.359614675767915,76.07163720136518,16,596,3077,187621,409936,122267,11350,8378,92.0,53.0
Jammu and Kashmir,Jammu,32.713199095022645,74.8477520361991,21,19905,46657,1289240,1529958,254566,248043,35100,88.0,74.0
Jammu and Kashmir,Kargil,33.565994894894914,76.63675315315312,4,235,1005,10341,140802,40370,7774,2368,81.0,61.0
Jammu and Kashmir,Kathua,32.51781678321678,75.58901398601404,7,1443,6112,540063,616435,181374,33473,10163,89.0,63.0
Jammu and Kashmir,Pulwama,33.88414418604652,75.00921860465118,12,1537,5293,13840,560440,147520,21703,7528,91.0,52.0
Jammu and Kashmir,Punch,33.791241290322574,74.29593161290322,5,346,3342,32604,476835,132139,15269,7453,89.0,55.0
Jammu and Kashmir,Srinagar,34.27312898550724,75.11021159420288,10,16413,33831,42540,1236829,4518,257721,18993,90.0,61.0
Jammu and Kashmir,Udhampur,33.04770670731707,75.15286951219511,19,1214,5744,489044,554985,148664,34696,10902,87.0,58.0
Jharkhand,Bokaro,23.6814965034965,85.98398374125864,355,9754,37997,1636460,2062330,250312,258452,39769,92.0,62.0
Jharkhand,Chatra,24.11619945750453,84.93295804701627,347,590,9115,903179,1042886,200974,14528,12331,95.0,49.0
Jharkhand,Deoghar,24.33070100755672,86.75697632241814,350,1944,13550,1165140,1492073,257373,64337,19776,93.0,53.0
Jharkhand,Dhanbad,23.854509090909097,86.40372924901185,354,11568,46646,2149480,2684487,258764,405455,55945,91.0,64.0
Jharkhand,Dumka,24.275006125574265,87.27662450229711,362,1193,10396,1044726,1321442,303697,23281,30542,98.0,51.0
Jharkhand,Garhwa,24.082114689265527,83.68664265536722,346,565,8881,1104475,1322784,272872,19180,14047,94.0,49.0
Jharkhand,Giridih,24.30578509874329,86.08710915619386,349,1944,19976,1856202,2445474,452564,46886,23104,94.0,51.0
Jharkhand,Godda,24.8189,87.2941735483871,351,874,11925,937126,1313551,276454,15576,27079,94.0,46.0
Jharkhand,Gumla,23.078532948929148,84.55056787479396,366,831,7807,309563,1025213,216629,16445,23395,99.0,55.0
Jharkhand,Jamtara,23.97873318077801,86.95325080091534,363,808,4959,550560,791042,165555,20113,12972,95.0,54.0
Jharkhand,Latehar,23.72511185840708,84.48298743362837,359,340,6240,473049,726978,146377,14137,11563,97.0,48.0
Jharkhand,Lohardaga,23.488796043165483,84.6605169064748,356,351,2954,112378,461790,96759,14725,11177,99.0,56.0
Jharkhand,Pakur,24.57260428082189,87.69691969178076,353,328,4535,410127,900422,200588,16587,21940,99.0,39.0
Jharkhand,Palamu,24.196925968109337,84.20310842824594,358,2155,19981,1683169,1939869,355529,52375,26800,93.0,53.0
Jharkhand,Ranchi,23.184235061391547,85.31781937244203,364,22538,76565,1612239,2914253,420740,310242,63936,95.0,66.0
Jharkhand,Sahibganj,24.93667989690721,87.68264097938142,352,591,9563,628044,1150567,223450,37543,23276,95.0,42.0
Jharkhand,Simdega,22.608760391198054,84.59193691931536,367,423,4649,201524,599578,144169,11114,20110,100.0,57.0
Karnataka,Bagalkot,16.15860676328503,75.64526070853468,556,3745,26297,1634229,1889752,324799,165858,48700,99.0,59.0
Karnataka,Bangalore Rural,12.936827087794448,77.47369314775169,583,3729,17066,890429,990923,231052,95410,31210,95.0,70.0
Karnataka,Belgaum,16.16107219152853,74.72329042357275,555,17560,73497,4038331,4779661,962777,356198,123092,97.0,64.0
Karnataka,Bellary,15.074377548209377,76.47228471074374,565,9626,40190,2103633,2452595,371604,251876,56369,98.0,58.0
Karnataka,Bidar,17.950361730769224,77.19459961538459,558,3971,36072,1289709,1703300,287134,102269,29082,96.0,61.0
Karnataka,Bijapur,16.84015316666667,75.95909166666665,417,117,1462,245151,255230,50449,7942,9970,98.0,34.0
Karnataka,Bijapur,16.84015316666667,75.95909166666665,557,4987,36571,1786830,2177331,396449,131041,43205,96.0,57.0
Karnataka,Chikmagalur,13.425288289676422,75.67626502311249,570,4510,18727,1004553,1137961,311660,80766,38925,101.0,72.0
Karnataka,Chitradurga,14.29102220394736,76.57821957236843,566,5711,28897,1520553,1659456,349704,97644,43847,97.0,66.0
Karnataka,Davanagere,14.330414586709884,75.91723841166937,567,7320,39416,1658465,1945497,354680,176011,49045,97.0,67.0
Karnataka,Dharwad,15.343831376975173,75.13831264108359,562,15013,49585,1390020,1847023,199707,283397,48850,97.0,70.0
Karnataka,Gadag,15.507128256880746,75.64861302752298,561,3373,15625,907750,1064570,180066,111906,30158,98.0,66.0
Karnataka,Gulbarga,17.070459515951594,76.87503850385033,579,9752,52483,2011014,2566326,400704,199303,45543,97.0,56.0
Karnataka,Hassan,12.945098749999998,76.11049549999997,574,4851,23444,1630814,1776421,496103,132878,54710,101.0,69.0
Karnataka,Haveri,14.737582809224318,75.3961230607966,564,2456,17819,1281878,1597668,315076,98488,39291,95.0,68.0
Karnataka,Kodagu,12.39684468085106,75.79336595744688,576,3308,10758,448986,554519,181182,31792,23145,102.0,74.0
Karnataka,Kolar,13.312799881235172,78.01376947743476,581,5051,27235,1305431,1536401,326567,151042,43889,98.0,66.0
Karnataka,Koppal,15.651253271028034,76.1617048598131,560,2135,15263,1218024,1389920,272968,64681,32399,99.0,58.0
Karnataka,Mandya,12.574901806239744,76.81570098522172,573,3367,20265,1712695,1805769,458867,103435,61681,100.0,64.0
Karnataka,Mysore,12.248100259403367,76.52881802853437,577,28397,80086,2631985,3001127,540596,380386,91829,99.0,65.0
Karnataka,Raichur,16.050795353982295,76.87368606194688,559,5200,33903,1634062,1928812,330446,125402,42209,100.0,51.0
Karnataka,Shimoga,14.063845885634592,75.17882078103197,568,8791,35207,1479424,1752753,352444,201662,55078,100.0,72.0
Karnataka,Tumkur,13.592467760074973,77.02297966260545,571,7971,41751,2413812,2678980,685443,204799,92983,98.0,68.0
Karnataka,Udupi,13.450404228534568,74.72009990316337,569,9070,24817,1009179,1177361,269817,115572,51929,109.0,79.0
Kerala,Alappuzha,9.542602965599087,76.38010796263319,598,28842,71593,1460447,2127789,331419,392117,76073,110.0,87.0
Kerala,Ernakulam,10.004879301987431,76.26957729035381,595,88737,184167,1509557,3282388,369694,804997,87002,103.0,87.0
Kerala,Idukki,9.80480963855423,77.04586641566264,596,8250,24863,541854,1108974,391610,20823,32553,101.0,83.0
Kerala,Kannur,11.941523076923056,75.35209891725934,589,32653,83940,1509592,2523003,306288,566191,100283,114.0,85.0
Kerala,Kasaragod,12.33310309912974,75.07768497134369,588,10378,32484,729987,1307375,251641,166164,44156,108.0,79.0
Kerala,Kollam,8.929388820570157,76.6360775852431,600,31542,83133,1697635,2635375,523715,401415,114087,111.0,85.0
Kerala,Kottayam,9.643701174068417,76.46059673302705,597,37849,83999,983598,1974551,481967,196194,55261,104.0,89.0
Kerala,Kozhikode,11.392924270557026,75.71158720159153,591,36791,107602,1734958,3086293,323793,666543,96503,110.0,85.0
Kerala,Malappuram,10.97329875666072,75.93910775606876,592,27909,119918,1135259,4112920,634543,522586,115399,110.0,81.0
Kerala,Palakkad,10.784926903553291,76.49980490693744,593,27162,69440,1875980,2809934,665899,228442,98607,107.0,80.0
Kerala,Thiruvananthapuram,8.537101759082221,76.88711502868073,601,71621,155321,2194057,3301427,559293,609824,139030,109.0,84.0
Kerala,Thrissur,10.458932647907687,76.12321940836945,594,56148,132774,1823442,3121200,336748,715119,117739,111.0,86.0
Kerala,Wayanad,11.715277464788736,76.07587007042254,590,4712,15944,404460,817420,266183,11805,23810,103.0,79.0
Madhya Pradesh,Anuppur,23.18184220430107,81.86560000000007,461,1290,7266,686524,749237,147388,60325,22200,98.0,58.0
Madhya Pradesh,Ashoknagar,24.63098846153845,77.82974493927134,459,619,6016,778214,845071,169606,37135,16216,90.0,56.0
Madhya Pradesh,Balaghat,21.80020720640569,80.42170053380796,457,1712,13306,1519384,1701698,400074,70793,53112,102.0,67.0
Madhya Pradesh,Barwani,21.702135714285724,74.91004719710673,441,1158,8516,1318869,1385881,250358,48912,16867,98.0,40.0
Madhya Pradesh,Betul,21.964626315789477,77.7873428189117,447,2109,13755,1505745,1575362,318945,87704,37441,97.0,60.0
Madhya Pradesh,Bhind,26.35951126187245,78.7618324287653,420,1166,14368,1595400,1703005,271211,88385,28074,84.0,64.0
Madhya Pradesh,Bhopal,23.480726143790854,77.39246623093679,444,40788,94729,1755861,2371061,118893,581826,50804,92.0,70.0
Madhya Pradesh,Burhanpur,21.364567254408065,76.24460478589425,467,986,5058,552526,757847,115979,62861,13966,95.0,54.0
Madhya Pradesh,Chhatarpur,24.813637376460004,79.56449299191374,425,1880,15567,1676918,1762375,375869,95048,38391,88.0,54.0
Madhya Pradesh,Chhindwara,22.227966971713823,78.76413136439254,455,3588,20034,1923920,2090922,413142,140802,57989,96.0,62.0
Madhya Pradesh,Damoh,23.76624407960196,79.47049303482588,428,1432,10504,1186420,1264219,303387,66514,41605,91.0,59.0
Madhya Pradesh,Datia,25.90226439560441,78.63916571428574,422,616,5251,747693,786754,160453,43401,19319,87.0,62.0
Madhya Pradesh,Dewas,22.7851110021322,76.46088805970157,437,3518,16523,1376591,1563715,274995,101014,31079,94.0,59.0
Madhya Pradesh,Dhar,22.572681718963157,75.1105620736698,438,2388,18626,2051219,2185793,412348,103364,36394,96.0,49.0
Madhya Pradesh,Dindori,22.83738437047757,81.04332966714911,453,554,6447,605435,704524,218021,9774,22830,100.0,54.0
Madhya Pradesh,Guna,24.49043927178156,77.2235895968791,458,2482,11740,1172248,1241519,212765,72320,19054,91.0,53.0
Madhya Pradesh,Gwalior,26.04074441964285,78.12782433035713,421,15779,46454,1835299,2032036,172720,272172,35383,86.0,67.0
Madhya Pradesh,Harda,22.227659781121783,77.07022571819435,448,986,5376,527462,570465,112714,31845,10534,93.0,62.0
Madhya Pradesh,Hoshangabad,22.595268801996703,78.02168094841929,449,2871,14456,1175203,1241350,209650,105746,27496,91.0,65.0
Madhya Pradesh,Indore,22.680265752128648,75.9133801324502,439,48691,111478,2728225,3276697,200371,587947,57053,93.0,70.0
Madhya Pradesh,Jabalpur,23.18525572327043,79.98328754716981,451,20443,58601,2159065,2463289,272284,352477,56512,93.0,71.0
Madhya Pradesh,Jhabua,22.419578015397768,74.40921616766468,464,744,5591,960925,1025048,211080,24713,11672,99.0,34.0
Madhya Pradesh,Katni,23.724416229116937,80.33819665871127,450,2179,13094,1240650,1292042,276151,72880,33877,95.0,61.0
Madhya Pradesh,Mandla,22.70348712446353,80.38600543633753,454,912,9042,849518,1054905,279674,37258,36364,101.0,57.0
Madhya Pradesh,Mandsaur,24.19278764044944,75.43588667736759,433,2324,12507,1192588,1340411,302287,81832,31998,96.0,62.0
Madhya Pradesh,Morena,26.37313504531724,77.88447341389724,419,1781,20172,1875495,1965970,319298,95288,35623,84.0,60.0
Madhya Pradesh,Neemuch,24.70311893333336,75.06608186666664,432,1945,8342,741288,826067,174235,67962,18121,95.0,62.0
Madhya Pradesh,Panna,24.451325840092657,80.21133001158752,426,653,8501,974748,1016520,256744,32179,31859,91.0,54.0
Madhya Pradesh,Raisen,23.292518206521724,78.16305495923909,446,1141,9931,1195235,1331597,251272,74441,27719,90.0,62.0
Madhya Pradesh,Rajgarh,23.785499026425583,76.66431223922116,442,1611,12718,1433879,1545814,331894,69823,34808,96.0,52.0
Madhya Pradesh,Ratlam,23.503562290502792,75.14895782122909,434,3644,14905,1267043,1455069,266716,107151,30270,97.0,57.0
Madhya Pradesh,Rewa,24.861184625158856,81.57572465057183,430,3406,31194,2268838,2365106,523910,94489,62489,93.0,61.0
Madhya Pradesh,Sagar,23.800318709677374,78.71940357771273,427,4546,24811,2198297,2378458,448408,165507,67856,89.0,65.0
Madhya Pradesh,Satna,24.62777621776502,80.75547048710598,429,3754,22751,2158623,2228935,461831,114173,52022,93.0,62.0
Madhya Pradesh,Sehore,22.9297199679658,77.06780202883085,445,1566,11166,1163607,1311332,270427,59220,18849,92.0,60.0
Madhya Pradesh,Seoni,22.33230487804874,79.66053863928111,456,1182,10417,1145052,1379131,335045,47542,40359,98.0,63.0
Madhya Pradesh,Shahdol,23.44859864559819,81.4596831828442,460,1733,10817,997073,1066063,233594,57846,32653,97.0,57.0
Madhya Pradesh,Shajapur,23.566620317220547,76.33555181268885,436,1382,10797,1321003,1512681,312611,73997,27658,94.0,59.0
Madhya Pradesh,Sheopur,25.78014810996563,77.16911116838484,418,273,5393,638702,687861,150146,26376,14533,90.0,48.0
Madhya Pradesh,Shivpuri,25.37802451874367,77.74861600810549,423,1852,15304,1648749,1726050,367859,66759,40169,88.0,52.0
Madhya Pradesh,Sidhi,24.17547189952905,82.1053783359498,462,837,10790,1077545,1127033,250953,25916,26752,96.0,53.0
Madhya Pradesh,Tikamgarh,25.14099852104666,78.89357064846428,424,1090,10899,1383475,1445166,322772,60220,29302,90.0,52.0
Madhya Pradesh,Ujjain,23.319288862745065,75.80383717647058,435,7501,27733,1718204,1986864,300765,188684,37959,96.0,62.0
Madhya Pradesh,Umaria,23.59601063063061,80.90879477477475,431,839,6360,620515,644758,138100,29966,16362,95.0,55.0
Madhya Pradesh,Vidisha,23.82838307984792,77.9013507604563,443,1926,12888,1287391,1458875,292579,83830,32191,90.0,59.0
Maharashtra,Akola,20.746310479041902,77.12122320359276,501,6163,24232,1107809,1813906,308158,196077,46592,95.0,78.0
Maharashtra,Amravati,21.16520991810736,77.67583503184723,503,9438,36185,2055177,2888445,508921,272894,81610,95.0,78.0
Maharashtra,Aurangabad,20.0979228832952,75.32072196796334,235,2362,31168,2291133,2540073,428291,49006,27729,93.0,58.0
Maharashtra,Aurangabad,20.0979228832952,75.32072196796334,515,23258,69937,2545438,3701282,551789,427343,70397,92.0,68.0
Maharashtra,Bhandara,21.211792649727748,80.10950199637024,506,2932,13165,1009352,1200334,283843,72575,40079,98.0,75.0
Maharashtra,Bid,18.952353340080982,75.69319706477731,523,5614,29198,2174672,2585049,563114,135457,50561,92.0,66.0
Maharashtra,Buldana,20.56680611183355,76.39017880364096,500,4767,24877,1845424,2586258,575405,152787,64899,93.0,73.0
Maharashtra,Chandrapur,20.095609090909075,79.31556380471388,509,8239,31419,1780085,2204307,451324,233331,71209,96.0,72.0
Maharashtra,Dhule,21.274018690400517,74.58719071837263,498,6065,27139,1825460,2050862,382777,146013,41986,95.0,63.0
Maharashtra,Gondiya,21.225008411214997,80.17522698598128,507,2866,13595,1153861,1322507,319702,66813,34770,100.0,76.0
Maharashtra,Hingoli,19.59525302245251,77.09239412780653,512,1221,9676,863199,1177345,242456,41913,18067,94.0,67.0
Maharashtra,Jalgaon,20.8828943415638,75.55140421810695,499,14297,56775,3457615,4229917,796223,373565,107120,92.0,68.0
Maharashtra,Jalna,19.984612534818933,75.98473607242339,514,3791,17236,1504641,1959046,404746,98084,37587,94.0,61.0
Maharashtra,Kolhapur,16.44881301587301,74.12897150793648,530,22269,71879,3379906,3876001,796496,382818,100881,96.0,73.0
Maharashtra,Latur,18.348687268993856,76.75812607802874,524,6217,29758,2006984,2454196,428616,157016,38710,93.0,67.0
Maharashtra,Nagpur,21.196556862745105,79.02166176470584,505,57964,135750,3492202,4653570,430844,877522,133609,95.0,79.0
Maharashtra,Nanded,19.209316983017,77.6829048951049,511,7548,43055,2501741,3361292,591119,230563,54139,94.0,65.0
Maharashtra,Nandurbar,21.523175625248147,74.32638757443429,497,2579,17047,1521618,1648295,333440,71572,29703,98.0,55.0
Maharashtra,Nashik,20.266912871287143,74.03824168316828,516,45039,138887,5237009,6107187,904661,764271,134054,93.0,71.0
Maharashtra,Osmanabad,18.19459456066944,75.99495575313809,525,3209,18183,1437623,1657576,367158,77832,37625,92.0,69.0
Maharashtra,Parbhani,19.31032425249168,76.70163338870431,513,3982,21196,1328385,1836086,293480,133759,28809,95.0,63.0
Maharashtra,Pune,18.51696171428573,74.12922881632647,521,235018,490260,8090254,9429408,1165718,2056739,295262,91.0,76.0
Maharashtra,Raigarh,18.453257637845976,73.0090609418579,403,3342,13857,1422986,1493984,354278,66638,50440,99.0,64.0
Maharashtra,Raigarh,18.453257637845976,73.0090609418579,520,38570,96301,2239370,2634200,581868,377160,94172,96.0,74.0
Maharashtra,Ratnagiri,17.210195070127703,73.25725893866404,528,7752,31062,1307211,1615069,538538,100824,95234,112.0,74.0
Maharashtra,Sangli,17.154930181086502,74.70713822937628,531,13212,49056,2440312,2822143,626872,226801,74756,97.0,73.0
Maharashtra,Satara,17.6737908974359,74.18052064102558,527,14093,57423,2691952,3003741,774522,200949,95038,99.0,74.0
Maharashtra,Sindhudurg,16.170948049777163,73.51329008172343,529,3517,15721,780384,849651,295847,44989,44158,104.0,78.0
Maharashtra,Solapur,17.837357937584812,75.42394823609216,526,15145,59296,3795424,4317756,779929,376302,98038,94.0,67.0
Maharashtra,Thane,19.698767747440264,72.79882742564581,517,256170,551643,8716055,11060148,713994,2904157,358299,89.0,74.0
Maharashtra,Wardha,20.80743024390242,78.57259105691062,504,4313,16260,1057096,1300774,268486,120218,42921,95.0,78.0
Maharashtra,Washim,20.282282394366213,77.25502394366208,502,1875,10757,859949,1197160,274925,55921,25936,93.0,73.0
Maharashtra,Yavatmal,20.04258346738159,78.05326371760479,510,6094,29917,2251401,2772348,629243,168889,82559,95.0,73.0
Manipur,Bishnupur,24.50712111801243,93.8246236024845,275,676,3447,175102,237399,34977,21172,3679,100.0,66.0
Manipur,Chandel,24.2635812987013,94.09443844155844,280,184,1782,10810,144182,30377,3783,4136,93.0,63.0
Manipur,Churachandpur,24.30309718875504,93.38671506024085,274,837,4496,12034,274143,52972,4853,5155,97.0,71.0
Manipur,Senapati,25.08465586034914,94.03366234413956,272,256,2170,43833,479148,38008,1826,2964,94.0,55.0
Manipur,Tamenglong,24.98312942238265,93.49450740072204,273,125,1362,2995,140651,23982,4119,2002,94.0,60.0
Manipur,Thoubal,24.545392553191498,93.97959893617023,276,880,5110,267146,422168,65961,38302,6551,100.0,64.0
Manipur,Ukhrul,25.05900314960629,94.44129566929138,279,276,2437,7553,183998,36084,5806,5153,94.0,71.0
Meghalaya,East Garo Hills,25.82728228228228,90.64684924924916,294,288,2368,17272,317917,62698,11518,5490,97.0,60.0
Meghalaya,East Khasi Hills,25.303763888888884,91.75922519841272,298,5032,19306,144935,825922,106248,108843,38908,101.0,70.0
Meghalaya,Jaintia Hills,25.33959557069844,92.37608160136298,299,510,4333,12456,395124,76546,7171,10306,101.0,47.0
Meghalaya,South Garo Hills,25.240568578553614,90.64560349127176,295,179,1625,7036,142334,35930,3713,2782,95.0,58.0
Meghalaya,West Garo Hills,25.495285185185185,90.03709947089942,293,1630,8872,122936,643291,139351,18594,15746,98.0,56.0
Meghalaya,West Khasi Hills,25.500889926739926,91.25364542124538,296,149,2462,6498,383461,74832,12299,9383,98.0,60.0
Mizoram,Aizawl,23.90781335453101,92.85359459459472,283,4019,21093,13249,400309,20570,80341,18971,101.0,85.0
Mizoram,Champhai,23.54166580976866,93.24221799485862,284,186,2263,1075,125745,18395,12717,5263,98.0,80.0
Mizoram,Kolasib,24.2020004347826,92.73470391304348,282,367,1986,4000,83955,9669,12507,3520,96.0,78.0
Mizoram,Lawngtlai,22.36102843137253,92.66964156862753,287,162,1329,1668,117894,21993,5273,2585,95.0,53.0
Mizoram,Lunglei,23.007717036172675,92.63512555425892,286,482,3725,5231,161428,21479,17315,6235,95.0,75.0
Mizoram,Mamit,23.73852942502819,92.4330803833147,281,90,1073,2989,86364,16726,4129,3077,93.0,70.0
Mizoram,Saiha,22.35744801061008,93.02827931034489,288,168,1194,933,56574,7043,5784,1866,98.0,75.0
Mizoram,Serchhip,23.263864705882344,92.914158496732,285,131,987,991,64937,7472,8018,2735,98.0,84.0
Nagaland,Dimapur,25.814176811594223,93.75074057971014,265,3303,12077,108900,378811,49116,62853,12516,92.0,73.0
Nagaland,Kohima,25.60311428571428,93.78600657596373,270,1928,7982,25496,267988,31845,44255,13463,93.0,74.0
Nagaland,Mokokchung,26.478911764705888,94.522426006192,262,537,2728,9840,194622,37536,17742,8489,93.0,82.0
Nagaland,Mon,26.69207374301676,95.03072988826828,261,178,2844,8102,250260,43607,7415,4495,90.0,48.0
Nagaland,Phek,25.63272986577182,94.56814563758392,266,170,1558,3563,163418,38903,7295,9982,95.0,65.0
Nagaland,Tuensang,26.21104453280316,94.85809880715708,267,155,2251,2979,196596,40690,9451,6586,93.0,60.0
Nagaland,Wokha,26.202611551155112,94.1990815181518,264,198,1757,5605,166343,38499,8170,4522,97.0,77.0
Nagaland,Zunheboto,26.028178205128206,94.50026666666668,263,261,2008,2580,140757,31267,6044,5354,98.0,73.0
Orissa,Baleshwar,21.48570932311624,87.08085828011933,377,7370,28289,2197709,2320529,601154,82440,65670,96.0,70.0
Orissa,Bhadrak,20.95262735257214,86.81496204516931,378,2637,15609,1398543,1506337,373862,54244,26718,98.0,73.0
Orissa,Cuttack,20.407640646029623,85.7776810228802,381,15046,40589,2457729,2624470,579529,210768,62640,94.0,77.0
Orissa,Dhenkanal,20.79887159353349,85.53226836027711,383,1810,10600,1185542,1192811,315390,36979,30778,95.0,70.0
Orissa,Gajapati,19.121080882352945,84.14015091911759,389,635,5523,353160,577817,152095,23050,21517,104.0,45.0
Orissa,Ganjam,19.2632617564534,84.80297710437702,388,9049,41059,3486059,3529031,795476,219918,94730,98.0,63.0
Orissa,Jharsuguda,21.827058566978184,83.93581682242987,371,2498,7555,553587,579505,103224,73962,19251,95.0,70.0
Orissa,Kalahandi,19.784253092783523,83.1124043814433,395,1953,12622,1555367,1576869,456336,38412,50382,100.0,51.0
Orissa,Kandhamal,20.092878624813142,84.02216352765326,390,768,6609,580300,733110,218446,24489,28197,104.0,55.0
Orissa,Kendrapara,20.606319815982264,86.83763247572003,379,1628,11836,1386792,1440361,414749,23494,31406,101.0,76.0
Orissa,Khordha,20.054162322274863,85.52234834123229,386,35701,75588,2147632,2251673,331834,356895,56389,93.0,78.0
Orissa,Koraput,18.82627794779476,82.81278469846964,398,3988,17294,1294151,1379647,381789,78339,54676,103.0,41.0
Orissa,Malkangiri,18.25227930367506,81.98293636363628,399,448,3908,600219,613192,167884,15839,19230,102.0,40.0
Orissa,Mayurbhanj,21.897621545157754,86.4030408052231,376,2950,17999,2113079,2519738,689110,64479,93415,101.0,54.0
Orissa,Nayagarh,20.192895622119817,85.05614700460825,385,1163,8278,955754,962789,261646,26688,21547,92.0,71.0
Orissa,Nuapada,20.471309512195116,82.59152536585364,394,757,4221,601092,610382,197258,11869,18737,102.0,49.0
Orissa,Puri,19.83509174603177,85.86698989898981,387,3416,16006,1644905,1698730,402014,72210,34924,96.0,76.0
Orissa,Rayagada,19.292840020060204,83.45860120361095,396,1553,9166,874445,967911,237343,49205,40786,105.0,42.0
Orissa,Sambalpur,21.515752380952385,84.34958483245157,372,5231,14521,964188,1041099,220697,94798,37391,98.0,68.0
Orissa,Sundargarh,22.06354819277107,84.50524819277099,374,12787,35024,1532352,2093437,387911,230151,70505,97.0,64.0
Puducherry,Karaikal,10.876161726078813,79.82369793621002,637,1868,4870,152638,200222,35618,33715,8098,105.0,77.0
Puducherry,Mahe,12.006420793787758,75.28275021570326,636,574,1484,27940,41816,0,12110,1254,118.0,87.0
Puducherry,Yanam,16.707695652173904,82.26187304347832,634,207,597,53537,55626,0,15519,1827,104.0,71.0
Punjab,Amritsar,31.548679820627772,74.79883856502238,49,29961,63864,690939,2490656,275477,385476,45325,89.0,68.0
Punjab,Bathinda,30.190524611973352,75.05685898004438,46,11284,32253,380569,1388525,218159,137563,26199,87.0,61.0
Punjab,Faridkot,30.591187250996025,74.79751553784862,45,4348,12276,141363,617508,99946,58917,9242,89.0,62.0
Punjab,Fatehgarh Sahib,30.64290947368421,76.36208394736842,40,5138,14294,152851,600163,117559,57337,12860,87.0,71.0
Punjab,Firozpur,30.63407535211269,74.40245732394365,43,10042,31070,906408,2029074,348522,153868,30065,89.0,60.0
Punjab,Gurdaspur,32.04283371212125,75.3204064393939,35,14428,38445,1074332,2298323,420860,185488,39073,90.0,71.0
Punjab,Hoshiarpur,31.55157169811319,75.8469857442349,38,13747,34328,1000743,1586625,422673,128592,48329,96.0,76.0
Punjab,Jalandhar,31.250336907216507,75.54400350515463,37,39082,79134,1394329,2193590,330339,377791,66139,92.0,74.0
Punjab,Kapurthala,31.336592638036837,75.47641165644177,36,9732,23145,336124,815168,165433,95770,20093,91.0,71.0
Punjab,Ludhiana,30.76596397379912,75.83110851528383,41,58589,123400,1502403,3498739,395032,641789,85908,87.0,73.0
Punjab,Mansa,29.919547714285724,75.4304922857143,47,2673,10085,156539,769751,145603,50786,12411,88.0,55.0
Punjab,Moga,30.756540067340065,75.1600845117845,42,7897,21662,158414,995746,214295,74144,18663,89.0,63.0
Punjab,Muktsar,30.31243303303303,74.5518747747748,44,4571,14077,254920,901896,149507,74650,13465,90.0,58.0
Punjab,Patiala,30.214540380693364,76.27505893949697,48,24274,55105,783306,1895686,299279,218090,30740,89.0,67.0
Punjab,Rupnagar,30.910937330754347,76.53743500967126,51,6600,17542,304481,684627,148162,60537,13553,92.0,73.0
Punjab,Sangrur,30.185045204336895,75.89437014178496,53,10736,30955,389410,1655169,292156,156788,27195,89.0,61.0
Rajasthan,Ajmer,26.199300378787903,74.6990419191919,119,13499,41732,2201663,2583052,409335,274919,52469,95.0,59.0
Rajasthan,Alwar,27.55271738035265,76.65359630562563,104,9750,45770,3039279,3674179,782294,212967,46360,89.0,59.0
Rajasthan,Banswara,23.453642032967014,74.44246868131869,125,2324,15062,1701234,1797485,390437,39407,28123,98.0,46.0
Rajasthan,Baran,24.98023243243244,76.86210651828291,128,1363,9491,1133349,1222755,249184,69804,18037,93.0,57.0
Rajasthan,Barmer,25.77070908045978,71.50297126436782,115,2766,37730,2244882,2603751,542825,55980,37116,90.0,46.0
Rajasthan,Bharatpur,27.32411858037578,77.21752077244258,105,4179,26106,2143046,2548462,479437,129697,32613,88.0,58.0
Rajasthan,Bhilwara,25.45119767759564,74.63947595628417,122,6207,24014,2224839,2408523,530015,145865,56286,97.0,52.0
Rajasthan,Bikaner,28.12489068322981,73.26943322981371,101,7607,29531,2073356,2363937,335754,196179,22565,91.0,54.0
Rajasthan,Bundi,25.48580716049379,75.79984074074079,121,1392,7705,1017688,1110906,239836,63452,20523,92.0,53.0
Rajasthan,Chittaurgarh,24.631623761665463,74.80010997846382,126,4941,16560,1413163,1544338,366780,88873,34471,97.0,53.0
Rajasthan,Churu,28.29330375536484,74.65846427038629,102,2577,15259,1777879,2039547,344897,148996,20714,94.0,56.0
Rajasthan,Dausa,26.91234817629181,76.57342097264443,109,1719,14539,1582335,1634409,361084,59610,20394,91.0,57.0
Rajasthan,Dhaulpur,26.72397054945053,77.74476219780222,106,1330,9504,1127520,1206516,214670,58626,19833,85.0,57.0
Rajasthan,Dungarpur,23.75104807692308,73.84765641025645,124,1477,11742,1340065,1388552,322816,31547,23104,99.0,49.0
Rajasthan,Ganganagar,29.256785412667963,73.56192303262948,99,6295,24901,1437144,1969168,397697,164897,30207,89.0,61.0
Rajasthan,Hanumangarh,29.1813351791531,74.74632573289902,100,3360,16217,1433067,1774692,389059,108694,24322,91.0,58.0
Rajasthan,Jaipur,27.033459290187885,75.77117286012533,110,76565,182350,5819980,6626178,754841,977838,89953,91.0,65.0
Rajasthan,Jaisalmer,26.86900838548185,71.18371877346682,114,754,7416,497045,669919,159117,30830,10055,85.0,46.0
Rajasthan,Jalor,25.07578093797277,72.18647261724662,116,1585,12794,1732852,1828730,419216,48202,25735,95.0,45.0
Rajasthan,Jhalawar,24.24725541474657,76.11242891705065,129,1750,9403,1299751,1411129,298624,63763,23832,95.0,52.0
Rajasthan,Jhunjhunun,28.13517401247401,75.52840893970894,103,4828,24178,1905682,2137045,500452,150357,30267,95.0,64.0
Rajasthan,Jodhpur,26.678460838536967,73.00450847457628,113,19335,54808,3224399,3687165,584215,307442,44245,92.0,55.0
Rajasthan,Karauli,26.51901555555556,76.96081818181815,107,1059,13045,1370977,1458248,305047,59308,22073,86.0,55.0
Rajasthan,Kota,25.175718080000014,76.18618928000001,127,12843,36297,1661307,1951014,203454,311735,36430,91.0,67.0
Rajasthan,Nagaur,27.07862016048146,74.14215667001012,112,4449,35328,2833443,3307743,675712,166489,42702,95.0,53.0
Rajasthan,Pali,25.80490393541874,73.55285640766907,118,4043,19270,1870543,2037573,512909,139808,46291,99.0,53.0
Rajasthan,Rajsamand,25.24894767441859,73.96570215946844,123,1989,9222,1105676,1156597,304622,61054,28081,99.0,54.0
Rajasthan,Sawai Madhopur,26.251081180223288,76.4219283891548,108,1887,14310,1165505,1335551,282057,71264,21601,90.0,56.0
Rajasthan,Sikar,27.64644058641976,75.29317422839503,111,5647,28382,2342076,2677333,527560,178274,29299,95.0,62.0
Rajasthan,Sirohi,24.7976905263158,72.75309131578943,117,2146,10297,996562,1036346,238535,69639,22068,94.0,46.0
Rajasthan,Tonk,26.153935071707927,75.79192216427637,120,1908,12482,1243527,1421326,298911,81755,23047,95.0,53.0
Rajasthan,Udaipur,24.44076752136749,73.84029839743584,130,14211,48517,2869976,3068420,665449,182769,53774,96.0,52.0
Sikkim,East,27.29600352941175,88.74908392156858,93,80037,127465,1410852,1709346,1086,461132,43639,88.0,79.0
Tamil Nadu,Ariyalur,11.190514836795256,79.22249643916912,616,1749,8371,708397,754894,223955,30322,31577,101.0,64.0
Tamil Nadu,Chennai,13.058098905608748,80.28139151846806,603,217368,355838,3751322,4646732,0,1314125,118340,99.0,81.0
Tamil Nadu,Coimbatore,10.871376995940452,77.07619012178621,632,63273,149920,3044145,3458045,284795,884957,125225,100.0,76.0
Tamil Nadu,Cuddalore,11.57587300613498,79.63002365371497,617,15396,50938,2391675,2605914,497429,260780,90912,99.0,70.0
Tamil Nadu,Dharmapuri,12.300141200000006,78.11509813333339,630,3651,18927,1452956,1506843,396819,91107,44454,95.0,61.0
Tamil Nadu,Dindigul,10.377801390820574,77.78011279554937,612,9155,38677,1879494,2159775,443818,269724,77288,100.0,69.0
Tamil Nadu,Erode,11.267012155963302,77.42034334862392,610,18604,58861,2115455,2251744,411286,432398,110476,99.0,66.0
Tamil Nadu,Kancheepuram,12.496424756511884,80.08820360135913,604,100322,200738,3537399,3998252,438799,774705,123421,99.0,75.0
Tamil Nadu,Kanniyakumari,8.183466300191206,77.32053064053538,629,15673,52943,909872,1870374,104253,493788,83750,102.0,83.0
Tamil Nadu,Karur,10.79532776617955,78.08749686847604,613,4915,17995,993666,1064493,212241,152420,46334,102.0,68.0
Tamil Nadu,Madurai,9.904313833333331,78.01366033333332,623,34097,95311,2760502,3038252,417718,592723,112608,99.0,75.0
Tamil Nadu,Nagapattinam,10.789468161718286,79.79437299431483,618,5585,19692,1435072,1616450,399016,118724,68437,103.0,75.0
Tamil Nadu,Namakkal,11.33766638477801,78.14624841437633,609,8960,31581,1673652,1726601,370357,257127,75446,99.0,68.0
Tamil Nadu,Perambalur,11.260137758112096,78.86034011799416,615,1507,7745,521658,565223,155413,33179,28555,100.0,66.0
Tamil Nadu,Pudukkottai,10.130514816433578,79.05444484265728,621,4494,18272,1428784,1618345,399712,104229,54067,101.0,69.0
Tamil Nadu,Ramanathapuram,9.31286995153476,78.99185362412462,626,5172,22379,1047411,1353445,290478,126761,51020,98.0,72.0
Tamil Nadu,Salem,11.629324202127655,78.2478257978723,608,20660,63867,3326357,3482056,572813,597539,132976,95.0,66.0
Tamil Nadu,Sivaganga,9.960306580645158,78.56535729032255,622,5773,24456,1186078,1339101,309224,143193,52495,100.0,72.0
Tamil Nadu,Thanjavur,10.387692255892237,79.3194869107745,620,13495,42912,2075870,2405890,479070,274302,93957,103.0,74.0
Tamil Nadu,Theni,9.924066666666668,77.43458833333332,624,4667,18830,1148990,1245899,189328,221295,54954,99.0,70.0
Tamil Nadu,Thiruvallur,13.275858101752885,80.19724702864492,602,75634,174279,3325823,3728104,387237,732196,117828,99.0,75.0
Tamil Nadu,Thiruvarur,10.368927409395978,79.60322893959727,619,4416,15535,1132785,1264277,321331,86848,50060,102.0,75.0
Tamil Nadu,Tiruvannamalai,12.419318947368414,79.23265631578953,606,6445,27529,2294369,2464875,563102,147061,83936,99.0,66.0
Tamil Nadu,Vellore,12.784882632293078,79.02643283582084,605,20623,69912,3397857,3936331,653499,486801,118114,101.0,70.0
Tamil Nadu,Virudhunagar,9.468872195892564,77.87641469194315,625,10219,37357,1822626,1942288,363782,370942,89882,101.0,72.0
Tripura,Dhalai,23.781360477941163,91.94654283088232,291,273,5067,307120,378230,89457,14071,9484,94.0,73.0
Tripura,North Tripura,24.121739755351683,92.17842538226292,292,997,10310,507967,693947,150437,42184,20405,97.0,75.0
Tripura,South Tripura,23.211874098057383,91.6065807585568,290,948,10393,736015,876001,219171,44906,23570,96.0,74.0
Tripura,West Tripura,23.780166241299337,91.41310788863107,289,6394,36186,1512801,1725739,289621,217016,45605,96.0,79.0
Uttar Pradesh,Agra,26.99512974910393,78.05278291517321,146,27183,82012,3922718,4418797,496971,406852,54438,87.0,61.0
Uttar Pradesh,Aligarh,27.93748576850093,78.00146831119557,143,13634,58336,2904140,3673889,582117,275942,51593,88.0,57.0
Uttar Pradesh,Allahabad,25.392038662316445,82.05172446982063,175,24122,85491,5102041,5954391,983266,265304,77356,90.0,62.0
Uttar Pradesh,Ambedkar Nagar,26.39119025974028,82.68282142857147,178,2509,27308,1985654,2397888,501559,65031,28577,98.0,62.0
Uttar Pradesh,Auraiya,26.66892394014961,79.42637057356607,162,2404,14279,1273546,1379545,255836,58438,24401,86.0,67.0
Uttar Pradesh,Azamgarh,26.008290954773837,83.01220251256285,191,6652,47324,3878626,4613913,891024,80434,51426,102.0,60.0
Uttar Pradesh,Baghpat,29.045793499999988,77.30266300000001,139,2989,19999,917474,1303048,246055,69991,17393,86.0,61.0
Uttar Pradesh,Bahraich,27.691776300578027,81.46779783237004,180,2681,35463,2291892,3487731,698520,61742,56895,89.0,40.0
Uttar Pradesh,Ballia,25.86075638297873,84.03651978723408,193,4672,42969,3004240,3239774,564927,64454,33855,94.0,61.0
Uttar Pradesh,Balrampur,27.449076537911324,82.47158326180256,182,1551,15510,1333242,2148665,410070,35768,29477,93.0,40.0
Uttar Pradesh,Banda,25.351885902503284,80.52487391304344,170,1655,18612,1637549,1799410,378056,67569,32386,86.0,56.0
Uttar Pradesh,Bara Banki,26.922777025232424,81.35762350597606,176,3159,26293,2505444,3260699,635840,79068,68325,91.0,52.0
Uttar Pradesh,Bareilly,28.51101940789474,79.43187072368416,150,15164,56575,2830768,4448359,631613,362798,66210,89.0,49.0
Uttar Pradesh,Basti,26.833880454545447,82.69790590909092,185,3423,30244,2082976,2464464,513960,31065,34022,96.0,57.0
Uttar Pradesh,Bijnor,29.313974259681096,78.45098815489754,134,7303,37341,2032081,3682713,683875,224648,50423,92.0,58.0
Uttar Pradesh,Bulandshahr,28.34875862068968,78.01082758620684,142,7865,38225,2707195,3499171,658449,221628,49008,90.0,58.0
Uttar Pradesh,Chandauli,25.1180859611231,83.25307062634984,196,3492,20762,1727869,1952756,344937,50822,19744,92.0,60.0
Uttar Pradesh,Chitrakoot,25.159924623803,81.07666087551297,171,827,9437,955372,991730,207237,23558,17427,88.0,54.0
Uttar Pradesh,Deoria,26.42218856548857,83.8244070686071,190,4469,36068,2730957,3100946,597778,67928,29891,102.0,60.0
Uttar Pradesh,Etah,27.591155309734443,78.70021858407083,201,2635,19712,1611126,1774480,334246,67752,24128,87.0,59.0
Uttar Pradesh,Etawah,26.78817670157068,79.07621806282728,161,2964,21506,1457892,1581810,265643,85483,29275,87.0,67.0
Uttar Pradesh,Faizabad,26.60589185185181,82.00783530864202,177,4746,28625,2094271,2470996,510378,79288,45715,96.0,59.0
Uttar Pradesh,Farrukhabad,27.45063297872342,79.4406284574468,159,2624,18733,1596278,1885204,316647,94843,32053,87.0,58.0
Uttar Pradesh,Fatehpur,25.8374362030905,80.85416203090509,172,3385,33501,2274674,2632733,558807,77733,53903,90.0,57.0
Uttar Pradesh,Firozabad,27.20963993055552,78.42660624999998,147,5834,31797,2140745,2498156,349747,185621,33325,88.0,61.0
Uttar Pradesh,Gautam Buddha Nagar,28.393311038961038,77.52462467532465,141,53181,87188,1394025,1648115,170835,338935,36864,85.0,68.0
Uttar Pradesh,Ghaziabad,28.74997308584685,77.67441879350343,140,78116,179552,3414427,4681645,355407,836316,70799,88.0,67.0
Uttar Pradesh,Ghazipur,25.624724775583484,83.5360854578097,195,5309,50180,3233790,3620268,700173,61467,42148,95.0,61.0
Uttar Pradesh,Gonda,27.157215552099505,82.0226888024882,183,4313,31811,2739076,3433919,673578,52794,51977,92.0,49.0
Uttar Pradesh,Gorakhpur,26.63315886792452,83.3549560377358,188,14597,65360,4009037,4440895,761958,189170,54197,95.0,61.0
Uttar Pradesh,Hamirpur,25.738158381502892,79.82619479768789,28,2521,7525,449412,454768,196116,15232,20594,110.0,79.0
Uttar Pradesh,Hamirpur,25.738158381502892,79.82619479768789,168,1196,11037,1010014,1104285,256081,55300,20040,86.0,59.0
Uttar Pradesh,Hardoi,27.337409090909137,80.26411767676768,155,3845,32065,3508131,4092845,786613,121064,73691,87.0,54.0
Uttar Pradesh,Jalaun,26.067954587155988,79.36686911314993,165,2217,18615,1509708,1689974,304856,91565,24209,87.0,64.0
Uttar Pradesh,Jaunpur,25.70141280913127,82.54315351934063,194,8002,52398,3981502,4494204,926088,80582,54624,102.0,61.0
Uttar Pradesh,Jhansi,25.45581535234902,78.89954580536917,166,8517,40774,1823930,1998603,309592,195321,33912,89.0,65.0
Uttar Pradesh,Jyotiba Phule Nagar,28.870498984771597,78.39009365482241,137,2825,18303,1075440,1840221,335888,115486,21966,91.0,53.0
Uttar Pradesh,Kannauj,26.993988617886185,79.64437940379408,160,2488,18082,1375788,1656616,299785,65985,33955,88.0,61.0
Uttar Pradesh,Kanpur Dehat,26.43047641196011,79.98710083056478,163,2682,25354,1612968,1796184,363933,41323,34726,86.0,65.0
Uttar Pradesh,Kaushambi,25.53587532051282,81.41811282051287,174,1503,15029,1372381,1599596,349856,30764,24943,91.0,51.0
Uttar Pradesh,Kushinagar,26.892530675909864,83.92261542461007,189,3486,35931,2928462,3564544,742324,42775,33295,96.0,55.0
Uttar Pradesh,Lalitpur,24.58877161016945,78.60082330508473,167,1079,9906,1163804,1221592,258013,43819,17182,91.0,52.0
Uttar Pradesh,Lucknow,26.838233589251463,80.89706026871404,157,68506,152257,3537787,4589838,344155,717566,89276,92.0,68.0
Uttar Pradesh,Mahoba,25.34529670138888,79.67863003472216,169,1316,11298,815142,875958,198298,48525,15681,88.0,56.0
Uttar Pradesh,Mainpuri,27.17386862302482,79.03501851015807,148,2642,24451,1746649,1868529,338475,72783,27299,88.0,64.0
Uttar Pradesh,Mathura,27.59390432801821,77.62153416856502,145,8726,37596,2310776,2547184,407488,177802,31890,86.0,59.0
Uttar Pradesh,Mau,26.01082203791469,83.50582654028433,192,2656,26716,1769937,2205968,352207,99321,21368,98.0,62.0
Uttar Pradesh,Meerut,29.02957625698323,77.80611005586593,138,23717,69473,2183255,3443689,381520,422303,42114,89.0,62.0
Uttar Pradesh,Mirzapur,25.10207959183675,82.60126628571429,199,4447,24518,2292534,2496970,465152,77963,30022,90.0,57.0
Uttar Pradesh,Moradabad,28.851770406189537,78.73580193423597,135,11690,61846,2488265,4772006,692398,355518,60730,91.0,47.0
Uttar Pradesh,Muzaffarnagar,29.470507977736563,77.64017847866423,133,10077,56149,2382914,4143512,673746,296104,55962,89.0,58.0
Uttar Pradesh,Pilibhit,28.52024175035868,79.90103974175037,151,2870,18097,1449007,2031007,371752,89638,31764,89.0,52.0
Uttar Pradesh,Pratapgarh,25.864842731707316,81.93530048780492,131,716,5961,827293,867848,209813,24269,14559,98.0,46.0
Uttar Pradesh,Pratapgarh,25.864842731707316,81.93530048780492,173,5149,34400,2731351,3209141,711085,41701,45925,100.0,60.0
Uttar Pradesh,Rae Bareli,26.253902840059787,81.22260463378181,158,5184,34788,2975998,3405559,705025,73393,67776,94.0,58.0
Uttar Pradesh,Rampur,28.83244727272725,79.10977333333337,136,3847,25960,1073890,2335819,396775,143217,36750,91.0,45.0
Uttar Pradesh,Saharanpur,30.03381165217392,77.59905147826095,132,9699,38816,1966892,3466382,605082,284156,43899,89.0,60.0
Uttar Pradesh,Sant Kabir Nagar,26.791596516393444,83.0387764344262,186,2031,19729,1300586,1715183,324972,27179,19075,97.0,56.0
Uttar Pradesh,Shahjahanpur,27.991389350649328,79.8302275324675,152,3889,27533,2412595,3006538,520289,134714,53211,87.0,50.0
Uttar Pradesh,Sitapur,27.501995963091108,80.85288881199547,154,3874,34609,3555450,4483992,827583,111319,85024,89.0,51.0
Uttar Pradesh,Sonbhadra,24.46693268858798,83.06816324951639,200,5149,25220,1738769,1862559,337048,91040,26297,92.0,53.0
Uttar Pradesh,Sultanpur,26.2846386419753,82.05710456790123,179,5956,44008,3119590,3797117,839737,49891,60550,98.0,59.0
Uttar Pradesh,Unnao,26.63163990895297,80.636773292868,156,3476,28719,2732016,3108367,596317,121039,64889,91.0,57.0
Uttar Pradesh,Varanasi,25.36057088888889,82.82529666666672,197,19214,57583,3107681,3676841,438935,316129,44479,91.0,65.0
Uttaranchal,Almora,29.683532133676103,79.50165064267351,64,1830,9858,611250,622506,260056,21082,37424,114.0,70.0
Uttaranchal,Bageshwar,29.98703393393397,79.83954354354357,63,435,3595,257509,259898,96031,3880,10978,109.0,69.0
Uttaranchal,Chamoli,30.58338611464965,79.56281095541402,57,899,5582,385818,391605,163434,22906,19584,102.0,72.0
Uttaranchal,Champawat,29.29142393939393,80.07720212121217,65,548,3159,249563,259648,85202,12839,9064,98.0,68.0
Uttaranchal,Pithoragarh,30.14720631868129,80.34229230769236,62,1344,7932,475105,483439,183687,26256,28624,102.0,71.0
Uttaranchal,Tehri Garhwal,30.463700918635173,78.48783792650917,59,1366,7831,609835,618931,227059,27177,26647,108.0,66.0
Uttaranchal,Udham Singh Nagar,29.02779577677222,79.45629004524895,67,7883,28053,1104452,1648902,269406,145253,28100,92.0,63.0
Uttaranchal,Uttarkashi,30.968958552036234,78.56880615384617,56,602,4104,324859,330086,112148,9061,10388,96.0,65.0
West Bengal,Bankura,23.081280892857155,87.12640053571437,339,4273,34128,3033581,3596674,900515,90885,79031,96.0,62.0
West Bengal,Barddhaman,23.444453888888884,87.8150581111111,335,32323,141387,6008472,7717563,1364868,862368,204679,95.0,68.0
West Bengal,Birbhum,24.06389342723,87.65153089201888,334,5210,39636,2181515,3502404,831044,134565,91446,96.0,62.0
West Bengal,Dakshin Dinajpur,25.342094363021435,88.69821679819614,331,2518,24318,1232850,1676276,390949,70077,42647,96.0,65.0
West Bengal,Darjiling,26.839619571045585,88.33145067024122,327,10943,38065,1366681,1846823,303284,215675,48867,97.0,71.0
West Bengal,Haora,22.401674174428507,87.99421176968654,341,30751,99261,3535844,4850029,483384,869313,115919,94.0,74.0
West Bengal,Hugli,22.87929264705881,88.00010264705891,338,31725,118459,4574569,5519145,992085,647953,191583,96.0,74.0
West Bengal,Jalpaiguri,26.62642031250004,89.04154375000003,328,9322,48818,3156781,3872846,798378,319426,106996,95.0,65.0
West Bengal,Kolkata,22.550581481481483,88.3527648148148,342,136618,252644,3440290,4496694,0,1308106,184740,91.0,80.0
West Bengal,Maldah,25.08026802575105,88.17191684549356,332,5357,63525,1914352,3988845,830318,128678,83218,94.0,52.0
West Bengal,Murshidabad,24.25950655391121,88.16816860465121,333,7951,79729,2359061,7103807,1501066,350899,162504,96.0,57.0
West Bengal,Nadia,23.56410971055088,88.58293034547152,336,12787,77210,3728482,5167600,1081381,468390,124093,95.0,67.0
West Bengal,Puruliya,23.254192328767108,86.3968532876713,340,3551,32862,2373120,2930115,653219,99433,61063,96.0,55.0
West Bengal,Uttar Dinajpur,26.044619165196977,88.23595232216337,330,2883,31210,1482943,3007134,683981,94269,56856,94.0,50.0
